{"cameraMode":{"drawMode":0,"name":"Shaded","section":"Shading Mode"},"sceneLighting":true,"audioPlay":false,"sceneViewState":{"showFog":true,"showMaterialUpdate":false,"showSkybox":true,"showFlares":true,"showImageEffects":true,"showParticleSystems":true},"in2DMode":false,"pivot":{"x":-170.4166717529297,"y":-50.15985870361328,"z":150.29544067382813},"rotation":{"x":-0.09161379933357239,"y":0.5774224996566773,"z":-0.06541584432125092,"w":-0.8086517453193665},"size":161.32627868652345,"orthographic":false}