{"cameraMode":{"drawMode":0,"name":"Shaded","section":"Shading Mode"},"sceneLighting":true,"audioPlay":false,"sceneViewState":{"showFog":true,"showMaterialUpdate":false,"showSkybox":true,"showFlares":true,"showImageEffects":true,"showParticleSystems":true},"in2DMode":false,"pivot":{"x":-156.57228088378907,"y":-165.27174377441407,"z":46.62113571166992},"rotation":{"x":-0.27379077672958376,"y":0.589580774307251,"z":-0.22212906181812287,"w":-0.726705014705658},"size":169.5357208251953,"orthographic":false}