{"cameraMode":{"drawMode":0,"name":"Shaded","section":"Shading Mode"},"sceneLighting":true,"audioPlay":false,"sceneViewState":{"showFog":true,"showMaterialUpdate":false,"showSkybox":true,"showFlares":true,"showImageEffects":true,"showParticleSystems":true},"in2DMode":false,"pivot":{"x":-51.00449752807617,"y":-91.15306854248047,"z":-13.966117858886719},"rotation":{"x":0.28455713391304018,"y":-0.550413966178894,"z":0.20672667026519776,"w":0.757235050201416},"size":129.02923583984376,"orthographic":false}