{"cameraMode":{"drawMode":0,"name":"Shaded","section":"Shading Mode"},"sceneLighting":true,"audioPlay":false,"sceneViewState":{"showFog":true,"showMaterialUpdate":false,"showSkybox":true,"showFlares":true,"showImageEffects":true,"showParticleSystems":true},"in2DMode":false,"pivot":{"x":-115.90461730957031,"y":-43.936920166015628,"z":48.255516052246097},"rotation":{"x":-0.11292403191328049,"y":0.7059289216995239,"z":-0.11559459567070008,"w":-0.6896032691001892},"size":129.81666564941407,"orthographic":false}