{"cameraMode":{"drawMode":0,"name":"Shaded","section":"Shading Mode"},"sceneLighting":true,"audioPlay":false,"sceneViewState":{"showFog":true,"showMaterialUpdate":false,"showSkybox":true,"showFlares":true,"showImageEffects":true,"showParticleSystems":true},"in2DMode":false,"pivot":{"x":-286.66375732421877,"y":-193.52430725097657,"z":58.170597076416019},"rotation":{"x":-0.18659284710884095,"y":0.6432974338531494,"z":-0.16584405303001405,"w":-0.7237753868103027},"size":253.1610565185547,"orthographic":false}