{"cameraMode":{"drawMode":0,"name":"Shaded","section":"Shading Mode"},"sceneLighting":true,"audioPlay":false,"sceneViewState":{"showFog":true,"showMaterialUpdate":false,"showSkybox":true,"showFlares":true,"showImageEffects":true,"showParticleSystems":true},"in2DMode":false,"pivot":{"x":-173.85391235351563,"y":-66.59944152832031,"z":162.13214111328126},"rotation":{"x":-0.10328478366136551,"y":0.5679781436920166,"z":-0.0721244141459465,"w":-0.8133494257926941},"size":151.28138732910157,"orthographic":false}