{"cameraMode":{"drawMode":0,"name":"Shaded","section":"Shading Mode"},"sceneLighting":true,"audioPlay":false,"sceneViewState":{"showFog":true,"showMaterialUpdate":false,"showSkybox":true,"showFlares":true,"showImageEffects":true,"showParticleSystems":true},"in2DMode":false,"pivot":{"x":-36.74641036987305,"y":-84.34500885009766,"z":49.30452346801758},"rotation":{"x":0.28455713391304018,"y":-0.550413966178894,"z":0.20672667026519776,"w":0.757235050201416},"size":72.80754089355469,"orthographic":false}