{"cameraMode":{"drawMode":0,"name":"Shaded","section":"Shading Mode"},"sceneLighting":true,"audioPlay":false,"sceneViewState":{"showFog":true,"showMaterialUpdate":false,"showSkybox":true,"showFlares":true,"showImageEffects":true,"showParticleSystems":true},"in2DMode":false,"pivot":{"x":-146.15606689453126,"y":-175.90968322753907,"z":340.1717834472656},"rotation":{"x":-0.2102895826101303,"y":0.34516432881355288,"z":-0.07965653389692307,"w":-0.9112064838409424},"size":230.5548858642578,"orthographic":false}